run_id,last_loss,RMS,Rel,delta1,delta2,delta3
0045,8.896218299865723,0.747868,0.365322,0.585065,0.860143,0.90487
AVERAGE,8.896218299865723,0.747868,0.365322,0.585065,0.860143,0.90487
